layer,layer_idx,kind,mse,snr_db
model.encoder.layers.0.self_attn.v_proj,0,v_proj,0.0014708489179611206,32.464633452212794
model.encoder.layers.0.self_attn.out_proj,0,out_proj,0.00023398856865242124,40.44836843449167
model.encoder.layers.0.fc2,0,fc2,6.528238736791536e-05,45.99236751772181
model.encoder.layers.0.fc1,0,fc1,4.708493725047447e-05,47.4114934665608
model.encoder.layers.11.fc2,11,fc2,4.444324804353528e-05,47.662273627392295
model.encoder.layers.11.fc1,11,fc1,3.4929187677334994e-05,48.708584057213
model.encoder.layers.5.self_attn.k_proj,5,k_proj,2.7298143322695978e-05,49.7789826658846
model.encoder.layers.10.fc1,10,fc1,2.530660822230857e-05,50.107991825822054
model.encoder.layers.10.fc2,10,fc2,1.314616747549735e-05,52.95232305655595
model.encoder.layers.6.fc2,6,fc2,1.3108327948430087e-05,52.96485494257543
model.encoder.layers.6.fc1,6,fc1,1.2297014109208249e-05,53.24280209800889
model.encoder.layers.1.self_attn.v_proj,1,v_proj,9.246246008842718e-06,54.48065974661321
model.encoder.layers.5.fc1,5,fc1,8.720046935195569e-06,54.73512961352099
model.encoder.layers.7.self_attn.v_proj,7,v_proj,8.621677807241213e-06,54.784420609171
model.encoder.layers.2.self_attn.v_proj,2,v_proj,8.107482244668063e-06,55.05146344325905
model.encoder.layers.11.self_attn.out_proj,11,out_proj,7.821597137080971e-06,55.20739265970364
model.encoder.layers.1.fc2,1,fc2,7.659560651518404e-06,55.29832570448277
model.encoder.layers.9.fc2,9,fc2,7.116020242392551e-06,55.61794478905825
model.encoder.layers.7.self_attn.out_proj,7,out_proj,7.011330126260873e-06,55.6826039640314
model.encoder.layers.3.self_attn.k_proj,3,k_proj,6.549852514581289e-06,55.97799945711447
model.encoder.layers.11.self_attn.v_proj,11,v_proj,6.46805165160913e-06,56.03265683007362
model.encoder.layers.11.self_attn.k_proj,11,k_proj,6.148175543785328e-06,56.25308149516215
model.encoder.layers.0.self_attn.q_proj,0,q_proj,6.117519205872668e-06,56.27456034700704
model.encoder.layers.1.fc1,1,fc1,5.879366199224023e-06,56.44701200821956
model.encoder.layers.0.self_attn.k_proj,0,k_proj,5.212518772168551e-06,56.969838578175654
model.encoder.layers.10.self_attn.v_proj,10,v_proj,5.012772362533724e-06,57.13953550680521
model.encoder.layers.9.self_attn.out_proj,9,out_proj,4.822464688913897e-06,57.30804913035531
model.encoder.layers.7.fc2,7,fc2,4.813452505914029e-06,57.31575834009058
model.encoder.layers.8.fc1,8,fc1,4.8115471145138144e-06,57.31746633440114
model.encoder.layers.7.fc1,7,fc1,4.59365719507332e-06,57.51879887526948
model.encoder.layers.9.fc1,9,fc1,4.510814051172929e-06,57.59776889423199
model.encoder.layers.10.self_attn.k_proj,10,k_proj,4.509719474299345e-06,57.59882111382173
model.encoder.layers.3.self_attn.v_proj,3,v_proj,4.370572696643649e-06,57.73493570093713
model.encoder.layers.5.self_attn.v_proj,5,v_proj,4.270365025149658e-06,57.835668391359924
model.encoder.layers.5.fc2,5,fc2,4.18905165133765e-06,57.91918631075696
model.encoder.layers.10.self_attn.out_proj,10,out_proj,3.874856702168472e-06,58.25782814520515
model.encoder.layers.8.fc2,8,fc2,3.858066065731691e-06,58.27662790925477
model.encoder.layers.9.self_attn.v_proj,9,v_proj,3.837059011857491e-06,58.30061413165713
model.encoder.layers.2.self_attn.out_proj,2,out_proj,3.664335281428066e-06,58.500458465529015
model.encoder.layers.1.self_attn.out_proj,1,out_proj,3.5870120882464107e-06,58.59301839437687
model.encoder.layers.4.fc1,4,fc1,3.1419392598763807e-06,59.16834879785155
model.encoder.layers.8.self_attn.v_proj,8,v_proj,3.085657226620242e-06,59.24684271863434
model.encoder.layers.3.fc1,3,fc1,2.9803898087266134e-06,59.39760294447594
model.encoder.layers.6.self_attn.k_proj,6,k_proj,2.93991820399242e-06,59.45696195963067
model.encoder.layers.8.self_attn.out_proj,8,out_proj,2.8952617867616937e-06,59.52343776609329
model.encoder.layers.11.self_attn.q_proj,11,q_proj,2.8661131636908976e-06,59.56748895329993
model.encoder.layers.10.self_attn.q_proj,10,q_proj,2.7763101115851896e-06,59.705693412118904
model.encoder.layers.2.fc2,2,fc2,2.669005198185914e-06,59.876826595206566
model.encoder.layers.4.self_attn.v_proj,4,v_proj,2.606876932986779e-06,59.979111121277036
model.encoder.layers.2.fc1,2,fc1,2.4848798148013884e-06,60.187259482214216
model.encoder.layers.4.fc2,4,fc2,2.484853894202388e-06,60.18730478513281
model.encoder.layers.7.self_attn.k_proj,7,k_proj,2.236493855889421e-06,60.644636667749296
model.encoder.layers.3.fc2,3,fc2,2.217027940787375e-06,60.68266712643024
model.encoder.layers.2.self_attn.k_proj,2,k_proj,1.9529963992681587e-06,61.233299336070466
model.encoder.layers.3.self_attn.out_proj,3,out_proj,1.8752793948806357e-06,61.40967105828648
model.encoder.layers.6.self_attn.out_proj,6,out_proj,1.8564828678790946e-06,61.45345270750292
model.encoder.layers.5.self_attn.q_proj,5,q_proj,1.8122568690159824e-06,61.55811648894576
model.encoder.layers.9.self_attn.k_proj,9,k_proj,1.6331812275893753e-06,62.00997027087611
model.encoder.layers.5.self_attn.out_proj,5,out_proj,1.6317874269589083e-06,62.0136818699868
model.encoder.layers.9.self_attn.q_proj,9,q_proj,1.621035721655062e-06,62.04272478879952
model.encoder.layers.4.self_attn.out_proj,4,out_proj,1.5899383924988797e-06,62.12652104515246
model.encoder.layers.1.self_attn.k_proj,1,k_proj,1.4293485719463206e-06,62.588942603681666
model.encoder.layers.2.self_attn.q_proj,2,q_proj,1.4228668305804604e-06,62.608670514339394
model.encoder.layers.1.self_attn.q_proj,1,q_proj,1.4126429732641554e-06,62.639989276787425
model.encoder.layers.7.self_attn.q_proj,7,q_proj,1.411600578649086e-06,62.643218919387905
model.encoder.layers.8.self_attn.k_proj,8,k_proj,1.015386033031973e-06,64.07401163451384
model.encoder.layers.6.self_attn.q_proj,6,q_proj,9.943028089764994e-07,64.16513851959469
model.encoder.layers.6.self_attn.v_proj,6,v_proj,9.890403589452035e-07,64.18819958220112
model.encoder.layers.3.self_attn.q_proj,3,q_proj,9.539105576550355e-07,64.34523824224868
model.encoder.layers.8.self_attn.q_proj,8,q_proj,6.59905538213934e-07,65.94550538263519
model.encoder.layers.4.self_attn.q_proj,4,q_proj,5.394066988628765e-07,66.82117054291172
model.encoder.layers.4.self_attn.k_proj,4,k_proj,2.975927202442108e-07,69.4040932182356
